{"cameraMode":{"drawMode":0,"name":"Shaded","section":"Shading Mode"},"sceneLighting":true,"audioPlay":false,"sceneViewState":{"showFog":true,"showMaterialUpdate":false,"showSkybox":true,"showFlares":true,"showImageEffects":true,"showParticleSystems":true},"in2DMode":false,"pivot":{"x":-0.34988969564437868,"y":-0.015280961990356446,"z":-5.110487461090088},"rotation":{"x":-0.14379829168319703,"y":0.012464843690395356,"z":-0.0018126786453649402,"w":-0.9895321130752564},"size":5.623682498931885,"orthographic":false}